Date,Open,High,Low ,Close,Adj. Close,Volume
"Jan 3, 2025","97,710.00","99,920.00","96,770.00","99,230.00","99,230.00","8,727"
"Jan 2, 2025","95,270.00","98,735.00","94,830.00","98,190.00","98,190.00","8,727"
"Dec 31, 2024","93,280.00","97,010.00","92,615.00","94,120.00","94,120.00","5,745"
"Dec 30, 2024","93,995.00","95,580.00","91,735.00","94,955.00","94,955.00","8,813"
"Dec 27, 2024","95,785.00","97,045.00","94,450.00","94,568.30","94,568.30","7,880"
"Dec 26, 2024","98,555.00","99,995.00","95,095.00","95,525.00","95,525.00","8,202"
"Dec 24, 2024","95,015.00","99,685.00","93,545.00","99,100.00","99,100.00","10,649"
"Dec 23, 2024","95,730.00","96,595.00","92,460.00","93,270.00","93,270.00","14,664"
"Dec 20, 2024","98,415.00","98,435.00","92,355.00","96,600.00","96,600.00","20,236"
"Dec 19, 2024","101,385.00","103,190.00","95,765.00","96,505.00","96,505.00","19,910"
"Dec 18, 2024","106,500.00","106,960.00","100,325.00","100,870.00","100,870.00","18,669"
"Dec 17, 2024","106,395.00","108,960.00","106,000.00","107,190.00","107,190.00","11,429"
"Dec 16, 2024","103,670.00","108,475.00","103,670.00","106,560.00","106,560.00","15,357"
"Dec 13, 2024","100,875.00","102,605.00","99,620.00","102,300.00","102,300.00","11,146"
"Dec 12, 2024","102,000.00","103,225.00","99,775.00","100,405.00","100,405.00","12,579"
"Dec 11, 2024","97,550.00","102,465.00","96,290.00","102,150.00","102,150.00","13,648"
"Dec 10, 2024","97,490.00","98,985.00","94,785.00","96,975.00","96,975.00","11,149"
"Dec 9, 2024","101,300.00","102,265.00","94,640.00","96,790.00","96,790.00","14,138"
"Dec 6, 2024","97,320.00","102,990.00","96,155.00","102,435.00","102,435.00","11,218"
"Dec 5, 2024","99,390.00","105,325.00","98,610.00","99,775.00","99,775.00","19,550"
"Dec 4, 2024","97,040.00","100,280.00","95,390.00","99,915.00","99,915.00","13,087"
"Dec 3, 2024","96,380.00","97,395.00","94,435.00","96,535.00","96,535.00","9,601"
"Dec 2, 2024","98,875.00","99,565.00","95,270.00","96,635.00","96,635.00","12,122"
"Nov 29, 2024","96,415.00","98,560.00","94,760.00","98,339.76","98,339.76","9,278"
"Nov 27, 2024","91,695.00","97,500.00","91,475.00","96,785.00","96,785.00","10,755"
"Nov 26, 2024","94,350.00","95,225.00","90,785.00","90,995.00","90,995.00","15,780"
"Nov 25, 2024","98,555.00","99,275.00","93,490.00","94,945.00","94,945.00","18,093"
"Nov 22, 2024","98,860.00","100,170.00","97,430.00","99,485.00","99,485.00","17,264"
"Nov 21, 2024","94,665.00","99,575.00","94,290.00","98,735.00","98,735.00","20,641"
"Nov 20, 2024","92,330.00","95,565.00","92,005.00","94,740.00","94,740.00","13,156"
"Nov 19, 2024","91,840.00","94,715.00","90,770.00","93,060.00","93,060.00","14,591"
"Nov 18, 2024","90,195.00","93,215.00","89,755.00","92,060.00","92,060.00","12,505"
"Nov 15, 2024","87,970.00","92,350.00","87,005.00","91,985.00","91,985.00","12,201"
"Nov 14, 2024","89,990.00","92,335.00","87,345.00","87,920.00","87,920.00","12,045"
"Nov 13, 2024","89,320.00","94,065.00","86,925.00","90,255.00","90,255.00","20,471"
"Nov 12, 2024","88,735.00","90,725.00","85,890.00","90,090.00","90,090.00","21,811"
"Nov 11, 2024","81,210.00","89,140.00","80,670.00","87,735.00","87,735.00","22,345"
"Nov 8, 2024","76,510.00","77,930.00","76,225.00","77,360.00","77,360.00","10,585"
"Nov 7, 2024","76,395.00","77,535.00","75,070.00","77,180.00","77,180.00","11,723"
"Nov 6, 2024","70,000.00","77,140.00","69,645.00","76,875.00","76,875.00","29,081"
"Nov 5, 2024","68,250.00","70,980.00","67,740.00","69,860.00","69,860.00","8,871"
"Nov 4, 2024","69,000.00","69,785.00","67,140.00","67,680.00","67,680.00","10,301"
"Nov 1, 2024","70,885.00","72,190.00","69,230.00","69,730.00","69,730.00","11,898"
"Oct 31, 2024","73,290.00","73,600.00","70,080.00","70,465.00","70,465.00","11,205"
"Oct 30, 2024","73,170.00","73,775.00","72,135.00","72,535.00","72,535.00","7,999"
"Oct 29, 2024","70,500.00","74,485.00","70,460.00","73,340.00","73,340.00","13,100"
"Oct 28, 2024","68,185.00","70,600.00","68,070.00","70,300.00","70,300.00","8,448"
"Oct 25, 2024","68,500.00","68,685.00","67,315.00","68,430.51","68,430.51","10,944"
"Oct 24, 2024","66,430.00","68,345.00","66,330.00","68,215.00","68,215.00","6,809"
"Oct 23, 2024","67,610.00","67,870.00","65,210.00","66,360.00","66,360.00","12,272"
"Oct 22, 2024","67,780.00","67,860.00","66,565.00","67,490.00","67,490.00","10,746"
"Oct 21, 2024","69,295.00","69,635.00","66,855.00","67,790.00","67,790.00","14,146"
"Oct 18, 2024","67,245.00","69,255.00","67,245.00","68,785.00","68,785.00","12,552"
"Oct 17, 2024","67,810.00","68,150.00","66,765.00","66,905.00","66,905.00","7,484"
"Oct 16, 2024","66,670.00","68,695.00","66,665.00","67,925.00","67,925.00","8,332"
"Oct 15, 2024","65,950.00","68,225.00","65,005.00","67,220.00","67,220.00","15,057"
"Oct 14, 2024","63,150.00","66,580.00","62,645.00","66,145.00","66,145.00","13,384"
"Oct 11, 2024","60,220.00","63,675.00","59,990.00","63,305.00","63,305.00","12,263"
"Oct 10, 2024","60,920.00","61,450.00","58,945.00","59,795.00","59,795.00","8,549"
"Oct 9, 2024","62,545.00","62,720.00","60,440.00","61,115.00","61,115.00","6,181"
"Oct 8, 2024","63,600.00","63,600.00","61,995.00","62,400.00","62,400.00","6,539"
"Oct 7, 2024","62,675.00","64,770.00","62,615.00","63,560.00","63,560.00","8,352"
"Oct 4, 2024","61,125.00","63,085.00","60,635.00","62,715.00","62,715.00","7,563"
"Oct 3, 2024","61,000.00","61,685.00","60,070.00","61,295.00","61,295.00","6,977"
"Oct 2, 2024","61,360.00","62,665.00","60,265.00","60,430.00","60,430.00","9,309"
"Oct 1, 2024","64,040.00","64,430.00","60,450.00","61,965.00","61,965.00","13,503"
"Sep 30, 2024","66,285.00","66,400.00","63,340.00","63,745.00","63,745.00","12,426"
"Sep 27, 2024","65,185.00","66,240.00","64,860.00","66,196.91","66,196.91","10,156"
"Sep 26, 2024","63,440.00","65,920.00","62,670.00","64,735.00","64,735.00","11,420"
"Sep 25, 2024","64,205.00","64,975.00","63,005.00","63,200.00","63,200.00","10,119"
"Sep 24, 2024","63,360.00","64,720.00","62,745.00","64,460.00","64,460.00","12,625"
"Sep 23, 2024","62,935.00","64,835.00","62,430.00","63,360.00","63,360.00","10,084"
"Sep 20, 2024","63,000.00","64,200.00","62,430.00","62,935.00","62,935.00","10,825"
"Sep 19, 2024","60,420.00","64,045.00","60,345.00","63,415.00","63,415.00","11,001"
"Sep 18, 2024","60,395.00","61,495.00","59,270.00","60,140.00","60,140.00","10,263"
"Sep 17, 2024","58,020.00","61,560.00","57,665.00","60,105.00","60,105.00","14,607"
"Sep 16, 2024","59,920.00","59,920.00","57,550.00","57,985.00","57,985.00","9,573"
"Sep 13, 2024","58,180.00","60,245.00","57,810.00","59,935.00","59,935.00","9,727"
"Sep 12, 2024","57,545.00","58,755.00","57,415.00","58,580.00","58,580.00","7,146"
"Sep 11, 2024","57,765.00","58,210.00","55,645.00","57,860.00","57,860.00","12,196"
"Sep 10, 2024","57,500.00","58,265.00","56,610.00","58,195.00","58,195.00","6,715"
"Sep 9, 2024","54,565.00","57,480.00","54,545.00","57,410.00","57,410.00","14,268"
"Sep 6, 2024","56,375.00","57,270.00","52,820.00","53,695.00","53,695.00","14,268"
"Sep 5, 2024","58,485.00","58,665.00","55,955.00","56,215.00","56,215.00","10,653"
"Sep 4, 2024","58,365.00","58,840.00","55,725.00","58,355.00","58,355.00","10,982"
"Sep 3, 2024","58,645.00","60,185.00","57,315.00","58,240.00","58,240.00","11,642"
"Aug 30, 2024","59,020.00","59,900.00","58,700.00","59,165.64","59,165.64","9,451"
"Aug 29, 2024","59,220.00","61,235.00","58,825.00","59,275.00","59,275.00","9,497"
"Aug 28, 2024","60,485.00","60,485.00","57,885.00","58,950.00","58,950.00","13,769"
"Aug 27, 2024","63,255.00","63,510.00","61,445.00","62,055.00","62,055.00","11,849"
"Aug 26, 2024","64,500.00","65,200.00","63,120.00","63,330.00","63,330.00","11,300"
"Aug 23, 2024","60,610.00","64,000.00","60,365.00","63,815.00","63,815.00","19,987"
"Aug 22, 2024","61,410.00","61,700.00","59,840.00","60,350.00","60,350.00","9,974"
"Aug 21, 2024","59,365.00","61,995.00","58,900.00","61,730.00","61,730.00","8,981"
"Aug 20, 2024","59,175.00","61,650.00","58,690.00","59,670.00","59,670.00","10,871"
"Aug 19, 2024","59,700.00","59,810.00","58,000.00","59,200.00","59,200.00","6,577"
"Aug 16, 2024","57,755.00","60,130.00","57,270.00","59,990.00","59,990.00","10,524"
"Aug 15, 2024","59,000.00","60,050.00","56,295.00","57,220.00","57,220.00","9,285"
"Aug 14, 2024","61,270.00","62,200.00","58,855.00","59,080.00","59,080.00","7,782"
"Aug 13, 2024","59,415.00","61,895.00","58,600.00","61,105.00","61,105.00","7,446"
"Aug 12, 2024","59,250.00","60,910.00","57,945.00","59,200.00","59,200.00","8,516"
"Aug 9, 2024","60,620.00","62,970.00","59,810.00","60,990.00","60,990.00","8,408"
"Aug 8, 2024","55,635.00","60,240.00","54,790.00","59,695.00","59,695.00","11,456"
"Aug 7, 2024","56,805.00","58,030.00","54,870.00","55,000.00","55,000.00","9,708"
"Aug 6, 2024","54,705.00","57,420.00","54,230.00","57,145.00","57,145.00","11,490"
"Aug 5, 2024","58,885.00","59,445.00","49,365.00","53,770.00","53,770.00","30,884"
"Aug 2, 2024","65,200.00","66,065.00","62,470.00","62,945.00","62,945.00","11,759"
"Aug 1, 2024","65,365.00","65,720.00","62,615.00","63,790.00","63,790.00","11,015"
"Jul 31, 2024","66,835.00","67,360.00","65,030.00","65,685.00","65,685.00","7,240"
"Jul 30, 2024","67,970.00","68,135.00","65,800.00","66,385.00","66,385.00","8,097"
"Jul 29, 2024","68,930.00","70,825.00","67,035.00","67,860.00","67,860.00","12,489"
"Jul 26, 2024","65,700.00","68,010.00","65,620.00","67,414.79","67,414.79","8,446"
"Jul 25, 2024","65,740.00","65,770.00","63,440.00","64,695.00","64,695.00","8,955"
"Jul 24, 2024","65,895.00","67,230.00","65,535.00","65,700.00","65,700.00","10,505"
"Jul 23, 2024","68,095.00","68,135.00","65,495.00","65,565.00","65,565.00","12,316"
"Jul 22, 2024","68,655.00","68,655.00","66,670.00","68,340.00","68,340.00","13,300"
"Jul 19, 2024","64,045.00","67,740.00","63,430.00","67,480.00","67,480.00","17,385"
"Jul 18, 2024","64,540.00","65,390.00","63,340.00","63,650.00","63,650.00","7,890"
"Jul 17, 2024","64,805.00","66,295.00","64,015.00","64,730.00","64,730.00","8,505"
"Jul 16, 2024","63,845.00","65,505.00","62,680.00","65,450.00","65,450.00","11,092"
"Jul 15, 2024","60,985.00","64,210.00","60,845.00","63,700.00","63,700.00","13,383"
"Jul 12, 2024","57,565.00","58,790.00","56,685.00","57,845.00","57,845.00","6,811"
"Jul 11, 2024","57,685.00","59,895.00","57,235.00","57,580.00","57,580.00","7,909"
"Jul 10, 2024","58,120.00","59,740.00","57,365.00","57,625.00","57,625.00","6,654"
"Jul 9, 2024","56,825.00","58,570.00","56,540.00","58,160.00","58,160.00","7,065"
"Jul 8, 2024","56,850.00","58,525.00","54,580.00","56,755.00","56,755.00","10,642"
"Jul 5, 2024","60,300.00","60,635.00","53,635.00","56,685.00","56,685.00","18,530"
"Jul 3, 2024","62,275.00","62,510.00","59,740.00","59,825.00","59,825.00","7,862"
"Jul 2, 2024","63,535.00","63,630.00","62,035.00","62,185.00","62,185.00","6,486"
"Jul 1, 2024","62,085.00","64,335.00","62,085.00","63,695.00","63,695.00","9,316"
"Jun 28, 2024","61,415.00","62,210.00","60,895.00","61,024.23","61,024.23","8,336"
"Jun 27, 2024","61,000.00","62,415.00","60,605.00","61,365.00","61,365.00","6,717"
"Jun 26, 2024","61,995.00","62,495.00","60,690.00","60,940.00","60,940.00","9,045"
"Jun 25, 2024","59,950.00","62,460.00","59,890.00","62,055.00","62,055.00","13,612"
"Jun 24, 2024","64,005.00","64,005.00","58,410.00","59,145.00","59,145.00","15,686"
"Jun 21, 2024","65,185.00","65,260.00","63,395.00","64,260.00","64,260.00","9,351"
"Jun 20, 2024","65,190.00","66,675.00","64,595.00","65,100.00","65,100.00","9,083"
"Jun 18, 2024","66,695.00","66,920.00","64,080.00","64,475.00","64,475.00","9,773"
"Jun 17, 2024","66,350.00","67,525.00","65,180.00","66,865.00","66,865.00","7,918"
"Jun 14, 2024","67,260.00","67,655.00","65,200.00","65,640.00","65,640.00","6,556"
"Jun 13, 2024","68,855.00","68,855.00","66,395.00","66,860.00","66,860.00","7,277"
"Jun 12, 2024","67,710.00","70,480.00","67,220.00","67,875.00","67,875.00","10,968"
"Jun 11, 2024","69,775.00","69,895.00","66,335.00","67,735.00","67,735.00","10,980"
"Jun 10, 2024","69,995.00","70,655.00","69,480.00","69,875.00","69,875.00","4,482"
"Jun 7, 2024","71,260.00","72,660.00","68,595.00","69,755.00","69,755.00","11,270"
"Jun 6, 2024","71,840.00","72,265.00","70,515.00","70,960.00","70,960.00","5,012"
"Jun 5, 2024","71,155.00","72,455.00","70,840.00","71,890.00","71,890.00","6,981"
"Jun 4, 2024","69,560.00","71,770.00","68,965.00","71,085.00","71,085.00","8,788"
"Jun 3, 2024","68,200.00","70,975.00","68,070.00","69,660.00","69,660.00","9,361"
"May 31, 2024","68,330.00","69,010.00","67,570.00","67,633.73","67,633.73","7,435"
"May 30, 2024","67,510.00","69,670.00","67,110.00","68,675.00","68,675.00","10,686"
"May 29, 2024","68,420.00","68,965.00","67,080.00","67,185.00","67,185.00","7,983"
"May 28, 2024","68,735.00","70,855.00","67,250.00","68,455.00","68,455.00","15,960"
"May 24, 2024","68,100.00","69,585.00","66,730.00","69,475.00","69,475.00","9,374"
"May 23, 2024","69,795.00","70,370.00","66,400.00","67,205.00","67,205.00","10,274"
"May 22, 2024","70,060.00","71,010.00","69,410.00","69,815.00","69,815.00","6,283"
"May 21, 2024","70,115.00","72,360.00","69,420.00","69,500.00","69,500.00","11,094"
"May 20, 2024","66,525.00","70,805.00","66,300.00","70,435.00","70,435.00","9,663"
"May 17, 2024","65,815.00","67,865.00","65,345.00","67,365.00","67,365.00","7,980"
"May 16, 2024","66,390.00","67,135.00","64,890.00","65,445.00","65,445.00","6,307"
"May 15, 2024","61,925.00","66,870.00","61,540.00","66,495.00","66,495.00","12,434"
"May 14, 2024","63,295.00","63,485.00","61,350.00","61,835.00","61,835.00","5,849"
"May 13, 2024","61,465.00","63,855.00","61,045.00","63,480.00","63,480.00","8,495"
"May 10, 2024","62,980.00","63,890.00","60,425.00","60,950.00","60,950.00","9,605"
"May 9, 2024","62,110.00","63,120.00","60,875.00","62,840.00","62,840.00","4,727"
"May 8, 2024","63,305.00","63,445.00","61,725.00","62,460.00","62,460.00","4,441"
"May 7, 2024","63,905.00","64,835.00","63,160.00","63,365.00","63,365.00","3,917"
"May 6, 2024","64,185.00","66,015.00","63,075.00","63,585.00","63,585.00","6,195"
"May 3, 2024","59,565.00","63,660.00","59,265.00","62,590.00","62,590.00","8,896"
"May 2, 2024","58,340.00","60,070.00","57,265.00","59,765.00","59,765.00","7,940"
"May 1, 2024","60,345.00","61,150.00","56,910.00","57,355.00","57,355.00","12,640"
"Apr 30, 2024","63,645.00","65,335.00","59,300.00","59,400.00","59,400.00","12,130"
"Apr 29, 2024","64,620.00","64,620.00","62,135.00","63,450.00","63,450.00","6,714"
"Apr 26, 2024","64,740.00","64,760.00","63,645.00","64,302.05","64,302.05","5,338"
"Apr 25, 2024","64,240.00","65,015.00","62,770.00","64,700.00","64,700.00","9,830"
"Apr 24, 2024","66,335.00","67,120.00","63,435.00","63,880.00","63,880.00","12,369"
"Apr 23, 2024","66,690.00","67,340.00","65,795.00","66,435.00","66,435.00","9,402"
"Apr 22, 2024","64,695.00","66,945.00","64,495.00","66,610.00","66,610.00","10,176"
"Apr 19, 2024","63,680.00","65,640.00","59,635.00","64,355.00","64,355.00","12,735"
"Apr 18, 2024","61,425.00","64,390.00","61,005.00","63,660.00","63,660.00","12,012"
"Apr 17, 2024","64,125.00","64,665.00","59,705.00","61,130.00","61,130.00","15,392"
"Apr 16, 2024","63,560.00","64,085.00","61,895.00","62,920.00","62,920.00","9,645"
"Apr 15, 2024","64,100.00","67,215.00","62,560.00","63,560.00","63,560.00","15,198"
"Apr 12, 2024","70,570.00","71,805.00","65,375.00","67,170.00","67,170.00","14,415"
"Apr 11, 2024","70,460.00","71,770.00","69,850.00","70,800.00","70,800.00","7,179"
"Apr 10, 2024","69,565.00","70,560.00","67,770.00","70,410.00","70,410.00","10,230"
"Apr 9, 2024","72,185.00","72,455.00","68,545.00","69,355.00","69,355.00","9,476"
"Apr 8, 2024","69,105.00","73,380.00","69,080.00","72,110.00","72,110.00","10,264"
"Apr 5, 2024","68,230.00","69,160.00","66,300.00","67,755.00","67,755.00","7,986"
"Apr 4, 2024","66,250.00","69,910.00","65,425.00","68,840.00","68,840.00","9,226"
"Apr 3, 2024","65,865.00","67,455.00","64,910.00","66,305.00","66,305.00","6,321"
"Apr 2, 2024","70,340.00","70,555.00","65,000.00","66,550.00","66,550.00","10,550"
"Apr 1, 2024","71,500.00","72,230.00","68,590.00","70,380.00","70,380.00","8,077"
"Mar 28, 2024","68,860.00","71,570.00","68,840.00","71,296.17","71,296.17","7,625"
"Mar 27, 2024","69,915.00","71,765.00","68,305.00","68,635.00","68,635.00","10,711"
"Mar 26, 2024","70,095.00","71,595.00","69,330.00","69,440.00","69,440.00","13,919"
"Mar 25, 2024","66,505.00","71,425.00","66,390.00","71,130.00","71,130.00","17,480"
"Mar 22, 2024","65,710.00","66,750.00","62,655.00","63,975.00","63,975.00","11,341"
"Mar 21, 2024","67,990.00","68,400.00","64,600.00","65,415.00","65,415.00","12,956"
"Mar 20, 2024","64,130.00","68,020.00","61,020.00","65,990.00","65,990.00","13,914"
"Mar 19, 2024","67,755.00","68,385.00","62,485.00","64,595.00","64,595.00","13,848"
"Mar 18, 2024","68,480.00","69,275.00","66,830.00","67,180.00","67,180.00","8,669"
"Mar 15, 2024","71,055.00","72,870.00","66,125.00","69,165.00","69,165.00","15,859"
"Mar 14, 2024","73,800.00","74,415.00","68,805.00","69,600.00","69,600.00","12,636"
"Mar 13, 2024","71,370.00","74,365.00","71,210.00","73,915.00","73,915.00","7,789"
"Mar 12, 2024","73,100.00","73,775.00","69,125.00","71,800.00","71,800.00","13,572"
"Mar 11, 2024","69,660.00","73,550.00","67,550.00","72,660.00","72,660.00","12,897"
"Mar 8, 2024","68,015.00","71,055.00","66,755.00","69,805.00","69,805.00","11,249"
"Mar 7, 2024","66,855.00","68,840.00","66,060.00","68,365.00","68,365.00","8,061"
"Mar 6, 2024","63,935.00","68,200.00","63,385.00","67,760.00","67,760.00","13,346"
"Mar 5, 2024","68,665.00","70,195.00","60,120.00","62,425.00","62,425.00","24,388"
"Mar 4, 2024","63,760.00","68,765.00","63,055.00","68,480.00","68,480.00","14,722"
"Mar 1, 2024","62,005.00","64,065.00","61,490.00","63,825.00","63,825.00","10,098"
"Feb 29, 2024","61,940.00","64,325.00","60,975.00","62,760.00","62,760.00","18,024"
"Feb 28, 2024","57,700.00","64,990.00","57,350.00","60,870.00","60,870.00","24,495"
"Feb 27, 2024","55,430.00","58,335.00","55,250.00","57,620.00","57,620.00","13,225"
"Feb 26, 2024","52,320.00","55,740.00","51,460.00","55,290.00","55,290.00","11,813"
"Feb 23, 2024","51,430.00","51,465.00","50,760.00","50,958.01","50,958.01","5,157"
"Feb 22, 2024","51,495.00","52,175.00","50,935.00","52,040.00","52,040.00","9,292"
"Feb 21, 2024","52,330.00","52,670.00","50,630.00","50,955.00","50,955.00","12,760"
"Feb 20, 2024","52,425.00","53,200.00","50,830.00","52,090.00","52,090.00","16,703"
"Feb 16, 2024","51,825.00","52,855.00","51,825.00","52,025.00","52,025.00","8,909"
"Feb 15, 2024","52,165.00","53,145.00","51,605.00","51,955.00","51,955.00","9,406"
"Feb 14, 2024","49,650.00","52,390.00","49,535.00","51,990.00","51,990.00","10,316"
"Feb 13, 2024","50,285.00","50,730.00","48,600.00","49,640.00","49,640.00","9,230"
"Feb 12, 2024","48,460.00","50,675.00","47,950.00","50,465.00","50,465.00","9,063"
"Feb 9, 2024","45,535.00","48,505.00","45,535.00","47,770.00","47,770.00","11,047"
"Feb 8, 2024","44,410.00","45,885.00","44,410.00","45,750.00","45,750.00","8,758"
"Feb 7, 2024","43,470.00","44,695.00","42,930.00","44,410.00","44,410.00","7,443"
"Feb 6, 2024","42,695.00","43,645.00","42,590.00","43,305.00","43,305.00","4,921"
"Feb 5, 2024","42,790.00","43,810.00","42,340.00","42,555.00","42,555.00","6,737"
"Feb 2, 2024","43,215.00","43,785.00","42,810.00","43,185.00","43,185.00","4,777"
"Feb 1, 2024","42,930.00","43,600.00","42,100.00","43,275.00","43,275.00","6,568"
"Jan 31, 2024","43,705.00","44,120.00","42,575.00","42,815.00","42,815.00","7,804"
"Jan 30, 2024","43,445.00","44,255.00","43,435.00","43,890.00","43,890.00","7,256"
"Jan 29, 2024","42,190.00","43,665.00","42,040.00","43,530.00","43,530.00","7,389"
"Jan 26, 2024","39,970.00","41,565.00","39,840.00","41,327.19","41,327.19","9,966"
"Jan 25, 2024","39,945.00","40,315.00","39,545.00","39,750.00","39,750.00","7,377"
"Jan 24, 2024","39,450.00","40,540.00","39,450.00","39,700.00","39,700.00","11,877"
"Jan 23, 2024","39,755.00","40,170.00","38,540.00","39,235.00","39,235.00","12,701"
"Jan 22, 2024","41,600.00","41,665.00","39,345.00","40,180.00","40,180.00","13,318"
"Jan 19, 2024","41,300.00","42,165.00","40,300.00","41,585.00","41,585.00","11,085"
"Jan 18, 2024","42,745.00","42,945.00","40,590.00","40,880.00","40,880.00","13,037"
"Jan 17, 2024","43,370.00","43,405.00","42,215.00","42,810.00","42,810.00","7,598"
"Jan 16, 2024","42,365.00","43,675.00","41,705.00","43,295.00","43,295.00","14,369"
"Jan 12, 2024","46,505.00","46,685.00","43,165.00","43,690.00","43,690.00","19,477"
"Jan 11, 2024","47,080.00","49,435.00","45,700.00","46,350.00","46,350.00","26,661"
"Jan 10, 2024","46,405.00","47,075.00","44,505.00","46,325.00","46,325.00","18,562"
"Jan 9, 2024","47,495.00","48,500.00","45,270.00","47,045.00","47,045.00","13,488"
"Jan 8, 2024","44,300.00","47,800.00","43,490.00","47,305.00","47,305.00","13,422"
"Jan 5, 2024","44,845.00","44,870.00","43,160.00","44,385.00","44,385.00","6,448"
"Jan 4, 2024","43,285.00","45,425.00","43,005.00","44,630.00","44,630.00","8,081"
"Jan 3, 2024","45,500.00","46,015.00","41,110.00","43,080.00","43,080.00","14,998"
"Jan 2, 2024","43,965.00","47,095.00","43,965.00","45,330.00","45,330.00","19,344"
"Dec 29, 2023","42,675.00","43,115.00","42,215.00","42,679.74","42,679.74","6,815"
"Dec 28, 2023","43,450.00","43,895.00","42,265.00","42,515.00","42,515.00","6,585"
"Dec 27, 2023","42,475.00","43,685.00","42,150.00","43,565.00","43,565.00","9,099"
"Dec 26, 2023","43,740.00","43,760.00","41,645.00","42,150.00","42,150.00","11,155"
"Dec 22, 2023","44,110.00","44,640.00","43,495.00","43,765.00","43,765.00","9,107"
"Dec 21, 2023","43,770.00","44,465.00","43,470.00","43,860.00","43,860.00","8,472"
"Dec 20, 2023","42,455.00","44,585.00","42,305.00","43,630.00","43,630.00","10,587"
"Dec 19, 2023","42,770.00","43,670.00","41,905.00","42,360.00","42,360.00","9,272"
"Dec 18, 2023","41,950.00","42,995.00","40,705.00","42,105.00","42,105.00","6,931"
"Dec 15, 2023","43,285.00","43,455.00","41,855.00","42,440.00","42,440.00","6,434"
"Dec 14, 2023","43,350.00","43,710.00","41,935.00","43,140.00","43,140.00","8,287"
"Dec 13, 2023","41,445.00","43,505.00","40,800.00","43,210.00","43,210.00","7,734"
"Dec 12, 2023","41,530.00","42,295.00","40,895.00","41,455.00","41,455.00","6,933"
"Dec 11, 2023","44,320.00","44,320.00","40,450.00","41,035.00","41,035.00","14,410"
"Dec 8, 2023","43,595.00","45,260.00","43,515.00","44,910.00","44,910.00","7,011"
"Dec 7, 2023","44,220.00","44,555.00","43,355.00","43,700.00","43,700.00","7,768"
"Dec 6, 2023","44,770.00","44,775.00","43,815.00","44,215.00","44,215.00","9,164"
"Dec 5, 2023","42,395.00","44,725.00","41,810.00","44,290.00","44,290.00","10,616"
"Dec 4, 2023","40,480.00","42,715.00","40,325.00","42,280.00","42,280.00","13,276"
"Dec 1, 2023","38,150.00","39,640.00","38,045.00","39,225.00","39,225.00","11,744"
"Nov 30, 2023","38,205.00","38,650.00","37,870.00","38,190.00","38,190.00","6,891"
"Nov 29, 2023","38,585.00","39,105.00","38,005.00","38,065.00","38,065.00","9,088"
"Nov 28, 2023","37,555.00","39,250.00","37,300.00","38,885.00","38,885.00","12,491"
"Nov 27, 2023","38,365.00","38,365.00","37,100.00","37,210.00","37,210.00","8,695"
"Nov 24, 2023","37,540.00","38,195.00","36,890.00","38,122.84","38,122.84","10,216"
"Nov 23, 2023","37,540.00","37,705.00","36,890.00","37,220.00","37,220.00","11,869"
"Nov 22, 2023","36,430.00","37,925.00","35,600.00","37,655.00","37,655.00","11,869"
"Nov 21, 2023","37,525.00","37,745.00","36,225.00","36,920.00","36,920.00","17,841"
"Nov 20, 2023","37,075.00","37,865.00","36,745.00","37,615.00","37,615.00","15,555"
"Nov 17, 2023","36,295.00","37,045.00","35,945.00","36,565.00","36,565.00","10,400"
"Nov 16, 2023","37,955.00","38,285.00","35,610.00","36,040.00","36,040.00","11,861"
"Nov 15, 2023","35,665.00","38,130.00","35,490.00","37,820.00","37,820.00","12,335"
"Nov 14, 2023","36,805.00","36,975.00","34,820.00","35,365.00","35,365.00","10,502"
"Nov 13, 2023","37,510.00","37,720.00","36,505.00","36,915.00","36,915.00","6,819"
"Nov 10, 2023","36,815.00","37,875.00","36,605.00","37,555.00","37,555.00","8,283"
"Nov 9, 2023","36,090.00","38,380.00","35,865.00","36,805.00","36,805.00","16,525"
"Nov 8, 2023","35,760.00","36,415.00","35,300.00","35,895.00","35,895.00","7,862"
"Nov 7, 2023","35,385.00","36,340.00","34,755.00","36,145.00","36,145.00","8,038"
"Nov 6, 2023","35,310.00","35,820.00","35,030.00","35,320.00","35,320.00","5,080"
"Nov 3, 2023","35,200.00","35,265.00","34,395.00","34,805.00","34,805.00","6,829"
"Nov 2, 2023","35,810.00","36,575.00","34,590.00","35,300.00","35,300.00","10,328"
"Nov 1, 2023","34,865.00","35,940.00","34,310.00","34,965.00","34,965.00","9,752"
"Oct 31, 2023","34,775.00","35,110.00","34,295.00","34,905.00","34,905.00","5,971"
"Oct 30, 2023","34,785.00","35,175.00","34,330.00","34,765.00","34,765.00","6,449"
"Oct 27, 2023","34,150.00","34,290.00","33,835.00","33,980.05","33,980.05","7,077"
"Oct 26, 2023","34,685.00","34,940.00","33,760.00","34,065.00","34,065.00","11,713"
"Oct 25, 2023","34,150.00","35,245.00","33,745.00","34,840.00","34,840.00","13,542"
"Oct 24, 2023","31,705.00","35,265.00","31,705.00","33,845.00","33,845.00","26,556"
"Oct 23, 2023","29,860.00","31,940.00","29,840.00","31,485.00","31,485.00","15,576"
"Oct 20, 2023","28,745.00","30,465.00","28,700.00","29,685.00","29,685.00","10,080"
"Oct 19, 2023","28,335.00","29,095.00","28,175.00","28,900.00","28,900.00","7,780"
"Oct 18, 2023","28,590.00","29,120.00","28,215.00","28,320.00","28,320.00","4,733"
"Oct 17, 2023","28,575.00","28,805.00","28,245.00","28,620.00","28,620.00","6,603"
"Oct 16, 2023","27,275.00","30,365.00","27,145.00","28,575.00","28,575.00","26,787"
"Oct 13, 2023","26,795.00","27,160.00","26,695.00","26,840.00","26,840.00","4,859"
"Oct 12, 2023","26,775.00","27,025.00","26,575.00","26,755.00","26,755.00","4,426"
"Oct 11, 2023","27,540.00","27,590.00","26,575.00","26,800.00","26,800.00","10,160"
"Oct 10, 2023","27,720.00","27,890.00","27,390.00","27,490.00","27,490.00","6,128"
"Oct 9, 2023","28,085.00","28,145.00","27,370.00","27,735.00","27,735.00","7,430"
"Oct 6, 2023","27,600.00","28,275.00","27,290.00","28,145.00","28,145.00","9,349"
"Oct 5, 2023","27,855.00","28,340.00","27,465.00","27,605.00","27,605.00","10,419"
"Oct 4, 2023","27,520.00","28,015.00","27,270.00","27,775.00","27,775.00","5,558"
"Oct 3, 2023","27,680.00","27,805.00","27,290.00","27,385.00","27,385.00","8,348"
"Oct 2, 2023","27,190.00","28,950.00","27,190.00","28,150.00","28,150.00","16,751"
"Sep 29, 2023","27,040.00","27,225.00","26,750.00","26,869.69","26,869.69","6,417"
"Sep 28, 2023","26,280.00","27,370.00","26,280.00","27,120.00","27,120.00","10,622"
"Sep 27, 2023","26,150.00","26,890.00","26,080.00","26,250.00","26,250.00","12,318"
"Sep 26, 2023","26,300.00","26,430.00","26,090.00","26,245.00","26,245.00","8,234"
"Sep 25, 2023","26,545.00","26,545.00","25,985.00","26,355.00","26,355.00","9,696"
"Sep 22, 2023","26,600.00","26,815.00","26,525.00","26,545.00","26,545.00","3,757"
"Sep 21, 2023","27,165.00","27,230.00","26,380.00","26,635.00","26,635.00","6,747"
"Sep 20, 2023","27,225.00","27,455.00","26,845.00","26,990.00","26,990.00","5,569"
"Sep 19, 2023","26,885.00","27,620.00","26,715.00","27,270.00","27,270.00","8,349"
"Sep 18, 2023","26,560.00","27,550.00","26,425.00","26,885.00","26,885.00","10,480"
"Sep 15, 2023","26,635.00","26,780.00","26,265.00","26,475.00","26,475.00","3,990"
"Sep 14, 2023","26,330.00","26,955.00","26,215.00","26,765.00","26,765.00","5,968"
"Sep 13, 2023","26,180.00","26,520.00","25,845.00","26,205.00","26,205.00","5,247"
"Sep 12, 2023","25,140.00","26,685.00","25,100.00","26,125.00","26,125.00","11,268"
"Sep 11, 2023","25,930.00","26,120.00","24,925.00","25,030.00","25,030.00","8,627"
"Sep 8, 2023","26,210.00","26,560.00","25,690.00","26,005.00","26,005.00","6,232"
"Sep 7, 2023","25,795.00","26,090.00","25,630.00","25,980.00","25,980.00","3,776"
"Sep 6, 2023","25,795.00","26,140.00","25,335.00","25,705.00","25,705.00","5,237"
"Sep 5, 2023","25,985.00","26,170.00","25,580.00","25,735.00","25,735.00","4,758"
"Sep 1, 2023","26,070.00","26,225.00","25,400.00","25,700.00","25,700.00","6,918"
"Aug 31, 2023","27,385.00","27,705.00","26,010.00","26,240.00","26,240.00","10,310"
"Aug 30, 2023","27,875.00","27,970.00","27,130.00","27,260.00","27,260.00","7,293"
"Aug 29, 2023","26,075.00","28,335.00","25,980.00","28,010.00","28,010.00","19,905"
"Aug 28, 2023","26,210.00","26,360.00","25,930.00","26,090.00","26,090.00","3,315"
"Aug 25, 2023","26,070.00","26,190.00","25,945.00","26,003.36","26,003.36","5,998"
"Aug 24, 2023","26,300.00","26,560.00","25,805.00","25,995.00","25,995.00","8,638"
"Aug 23, 2023","25,595.00","26,810.00","25,585.00","26,640.00","26,640.00","12,134"
"Aug 22, 2023","26,160.00","26,165.00","25,690.00","25,730.00","25,730.00","7,666"
"Aug 21, 2023","26,195.00","26,220.00","25,795.00","26,065.00","26,065.00","7,374"
"Aug 18, 2023","26,475.00","27,005.00","25,600.00","26,020.00","26,020.00","11,658"
"Aug 17, 2023","28,955.00","28,990.00","27,485.00","27,850.00","27,850.00","14,274"
"Aug 16, 2023","29,255.00","29,305.00","28,855.00","29,130.00","29,130.00","5,150"
"Aug 15, 2023","29,460.00","29,595.00","29,115.00","29,225.00","29,225.00","4,356"
"Aug 14, 2023","29,450.00","29,810.00","29,095.00","29,395.00","29,395.00","7,834"
"Aug 11, 2023","29,560.00","29,680.00","29,310.00","29,465.00","29,465.00","4,910"
"Aug 10, 2023","29,635.00","29,855.00","29,390.00","29,495.00","29,495.00","4,119"
"Aug 9, 2023","30,065.00","30,275.00","29,460.00","29,510.00","29,510.00","7,172"
"Aug 8, 2023","29,320.00","30,260.00","29,235.00","30,075.00","30,075.00","10,861"
"Aug 7, 2023","29,125.00","29,315.00","28,720.00","29,255.00","29,255.00","6,493"
"Aug 4, 2023","29,400.00","29,490.00","28,860.00","29,090.00","29,090.00","5,362"
"Aug 3, 2023","29,285.00","29,600.00","29,060.00","29,410.00","29,410.00","4,673"
"Aug 2, 2023","29,385.00","30,245.00","28,980.00","29,280.00","29,280.00","10,812"
"Aug 1, 2023","29,400.00","29,520.00","28,625.00","29,440.00","29,440.00","10,567"
"Jul 31, 2023","29,390.00","29,760.00","29,255.00","29,285.00","29,285.00","5,498"
"Jul 28, 2023","29,200.00","29,420.00","29,080.00","29,397.08","29,397.08","6,829"
"Jul 27, 2023","29,505.00","29,575.00","29,035.00","29,115.00","29,115.00","8,850"
"Jul 26, 2023","29,240.00","29,690.00","29,075.00","29,395.00","29,395.00","8,174"
"Jul 25, 2023","29,145.00","29,390.00","29,055.00","29,180.00","29,180.00","8,133"
"Jul 24, 2023","29,960.00","30,135.00","28,810.00","29,105.00","29,105.00","13,190"
"Jul 21, 2023","29,920.00","30,120.00","29,735.00","29,885.00","29,885.00","5,304"
"Jul 20, 2023","29,955.00","30,515.00","29,560.00","29,765.00","29,765.00","9,406"
"Jul 19, 2023","29,810.00","30,275.00","29,775.00","30,105.00","30,105.00","5,138"
"Jul 18, 2023","30,335.00","30,355.00","29,535.00","29,785.00","29,785.00","5,773"
"Jul 17, 2023","30,415.00","30,495.00","29,740.00","29,990.00","29,990.00","6,236"
"Jul 14, 2023","31,515.00","31,910.00","30,025.00","30,235.00","30,235.00","11,611"
"Jul 13, 2023","30,460.00","32,165.00","30,360.00","31,925.00","31,925.00","14,992"
"Jul 12, 2023","30,705.00","31,190.00","30,325.00","30,395.00","30,395.00","10,377"
"Jul 11, 2023","30,700.00","31,000.00","30,305.00","30,755.00","30,755.00","6,161"
"Jul 10, 2023","30,290.00","31,260.00","30,075.00","31,055.00","31,055.00","5,866"
"Jul 7, 2023","30,370.00","30,685.00","29,875.00","30,370.00","30,370.00","6,541"
"Jul 6, 2023","30,705.00","31,860.00","30,060.00","30,510.00","30,510.00","11,172"
"Jul 5, 2023","31,480.00","31,725.00","30,420.00","30,675.00","30,675.00","9,567"
"Jul 3, 2023","30,850.00","31,835.00","30,735.00","31,700.00","31,700.00","6,603"
"Jun 30, 2023","30,395.00","31,255.00","29,625.00","30,128.51","30,128.51","19,808"
"Jun 29, 2023","30,170.00","30,870.00","30,055.00","30,550.00","30,550.00","11,871"
"Jun 28, 2023","30,785.00","30,785.00","29,870.00","30,110.00","30,110.00","11,519"
"Jun 27, 2023","30,215.00","31,115.00","30,185.00","30,705.00","30,705.00","10,865"
"Jun 26, 2023","30,690.00","30,800.00","30,000.00","30,315.00","30,315.00","9,077"
"Jun 23, 2023","30,175.00","31,655.00","29,975.00","31,120.00","31,120.00","12,562"
"Jun 22, 2023","30,020.00","30,685.00","29,740.00","30,370.00","30,370.00","10,153"
"Jun 21, 2023","28,250.00","30,940.00","28,250.00","30,260.00","30,260.00","18,504"
"Jun 20, 2023","26,485.00","28,445.00","26,310.00","28,180.00","28,180.00","17,218"
"Jun 16, 2023","25,600.00","26,600.00","25,145.00","26,445.00","26,445.00","10,238"
"Jun 15, 2023","25,110.00","25,620.00","24,745.00","25,470.00","25,470.00","10,605"
"Jun 14, 2023","25,890.00","26,155.00","24,815.00","25,900.00","25,900.00","5,866"
"Jun 13, 2023","26,010.00","26,555.00","25,725.00","25,930.00","25,930.00","5,185"
"Jun 12, 2023","26,155.00","26,190.00","25,670.00","25,890.00","25,890.00","5,095"
"Jun 9, 2023","26,710.00","26,920.00","26,380.00","26,475.00","26,475.00","4,376"
"Jun 8, 2023","26,335.00","26,955.00","26,200.00","26,650.00","26,650.00","4,011"
"Jun 7, 2023","27,170.00","27,525.00","26,330.00","26,610.00","26,610.00","7,113"
"Jun 6, 2023","25,665.00","27,375.00","25,315.00","27,265.00","27,265.00","14,581"
"Jun 5, 2023","27,335.00","27,615.00","25,390.00","25,640.00","25,640.00","14,010"
"Jun 2, 2023","26,965.00","27,440.00","26,560.00","27,385.00","27,385.00","7,219"
"Jun 1, 2023","27,185.00","27,440.00","26,675.00","26,925.00","26,925.00","5,116"
"May 31, 2023","27,905.00","28,040.00","26,910.00","27,075.00","27,075.00","9,363"
"May 30, 2023","27,915.00","28,665.00","27,700.00","28,070.00","28,070.00","10,217"
"May 26, 2023","26,500.00","26,825.00","26,330.00","26,750.93","26,750.93","5,519"
"May 25, 2023","26,370.00","26,645.00","25,805.00","26,470.00","26,470.00","11,838"
"May 24, 2023","27,250.00","27,265.00","26,015.00","26,225.00","26,225.00","13,562"
"May 23, 2023","26,915.00","27,565.00","26,800.00","27,200.00","27,200.00","9,455"
"May 22, 2023","26,825.00","27,160.00","26,540.00","26,865.00","26,865.00","7,447"
"May 19, 2023","26,885.00","27,235.00","26,675.00","26,885.00","26,885.00","5,175"
"May 18, 2023","27,390.00","27,545.00","26,375.00","26,780.00","26,780.00","7,836"
"May 17, 2023","27,055.00","27,520.00","26,540.00","27,430.00","27,430.00","6,683"
"May 16, 2023","27,410.00","27,420.00","26,905.00","26,965.00","26,965.00","4,243"
"May 15, 2023","26,885.00","27,740.00","26,770.00","27,475.00","27,475.00","5,914"
"May 12, 2023","27,010.00","27,085.00","25,840.00","26,485.00","26,485.00","7,783"
"May 11, 2023","27,615.00","27,810.00","26,730.00","26,845.00","26,845.00","7,435"
"May 10, 2023","27,660.00","28,415.00","26,745.00","27,775.00","27,775.00","11,878"
"May 9, 2023","27,595.00","27,875.00","27,400.00","27,770.00","27,770.00","4,968"
"May 8, 2023","29,105.00","29,110.00","27,320.00","27,365.00","27,365.00","11,968"
"May 5, 2023","28,940.00","29,910.00","28,860.00","29,765.00","29,765.00","8,255"
"May 4, 2023","29,005.00","29,525.00","28,775.00","29,015.00","29,015.00","6,574"
"May 3, 2023","28,795.00","28,955.00","28,180.00","28,415.00","28,415.00","6,486"
"May 2, 2023","28,030.00","29,055.00","27,955.00","28,850.00","28,850.00","7,112"
"May 1, 2023","29,615.00","29,615.00","27,710.00","27,915.00","27,915.00","8,811"
"Apr 28, 2023","29,655.00","29,705.00","28,890.00","29,177.47","29,177.47","6,022"
"Apr 27, 2023","28,670.00","29,920.00","28,210.00","29,690.00","29,690.00","11,291"
"Apr 26, 2023","28,320.00","30,050.00","27,250.00","27,900.00","27,900.00","14,869"
"Apr 25, 2023","27,450.00","28,070.00","27,195.00","27,605.00","27,605.00","7,926"
"Apr 24, 2023","27,425.00","28,010.00","26,980.00","27,400.00","27,400.00","7,463"
"Apr 21, 2023","28,240.00","28,360.00","27,195.00","27,310.00","27,310.00","6,273"
"Apr 20, 2023","29,195.00","29,255.00","27,985.00","28,095.00","28,095.00","7,611"
"Apr 19, 2023","30,435.00","30,520.00","29,010.00","29,265.00","29,265.00","7,617"
"Apr 18, 2023","29,555.00","30,590.00","29,145.00","30,325.00","30,325.00","5,579"
"Apr 17, 2023","30,585.00","30,585.00","29,285.00","29,550.00","29,550.00","6,895"
"Apr 14, 2023","30,445.00","31,200.00","30,065.00","30,470.00","30,470.00","7,294"
"Apr 13, 2023","30,035.00","30,900.00","29,940.00","30,530.00","30,530.00","5,866"
"Apr 12, 2023","30,365.00","30,710.00","29,800.00","29,925.00","29,925.00","5,859"
"Apr 11, 2023","29,445.00","30,775.00","29,435.00","30,325.00","30,325.00","8,509"
"Apr 10, 2023","28,505.00","29,670.00","28,265.00","29,420.00","29,420.00","9,746"
"Apr 6, 2023","28,350.00","28,350.00","27,765.00","28,140.00","28,140.00","1,295"
"Apr 5, 2023","28,390.00","28,985.00","27,935.00","28,385.00","28,385.00","8,243"
"Apr 4, 2023","27,930.00","28,650.00","27,855.00","28,375.00","28,375.00","6,996"
"Apr 3, 2023","28,540.00","28,775.00","27,595.00","28,265.00","28,265.00","7,861"
"Mar 31, 2023","28,090.00","28,625.00","27,620.00","28,476.50","28,476.50","6,392"
"Mar 30, 2023","28,355.00","29,220.00","27,680.00","27,965.00","27,965.00","9,730"
"Mar 29, 2023","27,170.00","28,685.00","27,170.00","28,440.00","28,440.00","9,845"
"Mar 28, 2023","27,175.00","27,545.00","26,650.00","27,455.00","27,455.00","9,898"
"Mar 27, 2023","27,960.00","28,240.00","26,520.00","26,980.00","26,980.00","11,152"
"Mar 24, 2023","28,385.00","28,570.00","27,480.00","27,915.00","27,915.00","5,845"
"Mar 23, 2023","27,200.00","28,935.00","27,075.00","28,550.00","28,550.00","11,418"
"Mar 22, 2023","28,210.00","29,045.00","26,700.00","26,800.00","26,800.00","10,975"
"Mar 21, 2023","28,150.00","28,680.00","27,555.00","28,310.00","28,310.00","6,288"
"Mar 20, 2023","28,095.00","28,715.00","27,320.00","27,945.00","27,945.00","9,810"
"Mar 17, 2023","25,040.00","27,155.00","25,000.00","27,000.00","27,000.00","12,866"
"Mar 16, 2023","24,610.00","25,300.00","24,250.00","25,090.00","25,090.00","6,503"
"Mar 15, 2023","24,655.00","25,440.00","24,005.00","24,490.00","24,490.00","13,885"
"Mar 14, 2023","24,230.00","26,615.00","24,030.00","25,240.00","25,240.00","16,272"
"Mar 13, 2023","21,250.00","24,620.00","21,110.00","24,405.00","24,405.00","28,142"
"Mar 10, 2023","20,300.00","20,330.00","19,520.00","19,965.00","19,965.00","13,496"
"Mar 9, 2023","21,800.00","21,850.00","19,960.00","20,065.00","20,065.00","14,035"
"Mar 8, 2023","22,100.00","22,300.00","21,880.00","22,115.00","22,115.00","6,280"
"Mar 7, 2023","22,455.00","22,600.00","21,940.00","22,070.00","22,070.00","6,742"
"Mar 6, 2023","22,455.00","22,665.00","22,300.00","22,390.00","22,390.00","4,800"
"Mar 3, 2023","23,560.00","23,615.00","22,020.00","22,320.00","22,320.00","12,038"
"Mar 2, 2023","23,645.00","23,925.00","23,300.00","23,590.00","23,590.00","4,721"
"Mar 1, 2023","23,275.00","24,165.00","23,140.00","23,530.00","23,530.00","6,343"
"Feb 28, 2023","23,585.00","23,780.00","23,150.00","23,410.00","23,410.00","4,903"
"Feb 27, 2023","23,565.00","24,060.00","23,235.00","23,445.00","23,445.00","6,664"
"Feb 24, 2023","23,880.00","24,100.00","23,560.00","23,576.05","23,576.05","12,099"
"Feb 23, 2023","24,100.00","24,610.00","23,620.00","23,920.00","23,920.00","11,773"
"Feb 22, 2023","24,395.00","24,495.00","23,590.00","23,800.00","23,800.00","13,563"
"Feb 21, 2023","24,505.00","25,335.00","23,905.00","24,490.00","24,490.00","19,029"
"Feb 17, 2023","24,080.00","25,095.00","23,430.00","24,870.00","24,870.00","12,414"
"Feb 16, 2023","24,285.00","25,345.00","24,245.00","24,640.00","24,640.00","16,546"
"Feb 15, 2023","22,270.00","24,415.00","22,100.00","24,250.00","24,250.00","10,953"
"Feb 14, 2023","21,700.00","22,375.00","21,575.00","22,335.00","22,335.00","8,590"
"Feb 13, 2023","21,820.00","21,930.00","21,380.00","21,710.00","21,710.00","7,442"
"Feb 10, 2023","21,825.00","21,970.00","21,505.00","21,775.00","21,775.00","6,154"
"Feb 9, 2023","23,015.00","23,085.00","21,720.00","22,010.00","22,010.00","10,270"
"Feb 8, 2023","23,300.00","23,540.00","22,695.00","22,885.00","22,885.00","5,590"
"Feb 7, 2023","22,960.00","23,460.00","22,725.00","23,300.00","23,300.00","5,725"
"Feb 6, 2023","23,100.00","23,275.00","22,755.00","23,110.00","23,110.00","4,857"
"Feb 3, 2023","23,665.00","23,890.00","23,340.00","23,485.00","23,485.00","6,471"
"Feb 2, 2023","23,940.00","24,450.00","23,550.00","24,005.00","24,005.00","7,693"
"Feb 1, 2023","23,335.00","23,965.00","22,905.00","23,755.00","23,755.00","5,605"
"Jan 31, 2023","22,870.00","23,410.00","22,850.00","23,250.00","23,250.00","3,489"
"Jan 30, 2023","23,900.00","24,080.00","22,715.00","22,825.00","22,825.00","5,865"
"Jan 27, 2023","22,955.00","23,090.00","22,545.00","23,052.73","23,052.73","7,950"
"Jan 26, 2023","23,100.00","23,285.00","22,835.00","23,075.00","23,075.00","11,146"
"Jan 25, 2023","22,770.00","23,770.00","22,345.00","22,940.00","22,940.00","10,974"
"Jan 24, 2023","22,990.00","23,210.00","22,775.00","23,065.00","23,065.00","7,975"
"Jan 23, 2023","22,605.00","23,240.00","22,585.00","23,090.00","23,090.00","10,731"
"Jan 20, 2023","21,155.00","22,525.00","20,935.00","22,390.00","22,390.00","9,472"
"Jan 19, 2023","20,905.00","21,275.00","20,730.00","21,200.00","21,200.00","5,319"
"Jan 18, 2023","21,325.00","21,795.00","20,460.00","20,800.00","20,800.00","13,106"
"Jan 17, 2023","20,985.00","21,725.00","20,690.00","21,485.00","21,485.00","12,709"
"Jan 13, 2023","18,945.00","19,995.00","18,785.00","19,550.00","19,550.00","7,033"
"Jan 12, 2023","17,625.00","19,200.00","17,615.00","19,155.00","19,155.00","14,036"
"Jan 11, 2023","17,490.00","17,635.00","17,330.00","17,615.00","17,615.00","4,674"
"Jan 10, 2023","17,180.00","17,555.00","17,135.00","17,535.00","17,535.00","5,068"
"Jan 9, 2023","16,980.00","17,440.00","16,955.00","17,225.00","17,225.00","7,471"
"Jan 6, 2023","16,825.00","17,085.00","16,645.00","16,895.00","16,895.00","6,144"
"Jan 5, 2023","16,810.00","16,890.00","16,715.00","16,840.00","16,840.00","3,408"
"Jan 4, 2023","16,625.00","17,015.00","16,610.00","16,780.00","16,780.00","7,387"
"Jan 3, 2023","16,675.00","16,765.00","16,525.00","16,615.00","16,615.00","4,086"
"Dec 30, 2022","16,615.00","16,625.00","16,285.00","16,498.08","16,498.08","6,062"
"Dec 29, 2022","16,510.00","16,640.00","16,435.00","16,585.00","16,585.00","6,599"
"Dec 28, 2022","16,640.00","16,760.00","16,420.00","16,570.00","16,570.00","9,933"
"Dec 27, 2022","16,825.00","16,950.00","16,515.00","16,595.00","16,595.00","7,685"
"Dec 23, 2022","16,760.00","16,910.00","16,695.00","16,780.00","16,780.00","5,712"
"Dec 22, 2022","16,725.00","16,850.00","16,460.00","16,735.00","16,735.00","5,529"
"Dec 21, 2022","16,870.00","16,885.00","16,670.00","16,735.00","16,735.00","2,295"
"Dec 20, 2022","16,325.00","17,095.00","16,275.00","16,840.00","16,840.00","5,601"
"Dec 19, 2022","16,690.00","16,770.00","16,395.00","16,495.00","16,495.00","4,393"
"Dec 16, 2022","17,340.00","17,525.00","16,675.00","16,775.00","16,775.00","7,266"
"Dec 15, 2022","17,840.00","17,875.00","17,290.00","17,395.00","17,395.00","5,851"
"Dec 14, 2022","17,775.00","18,420.00","17,680.00","17,795.00","17,795.00","7,805"
"Dec 13, 2022","17,170.00","18,125.00","17,050.00","17,745.00","17,745.00","9,178"
"Dec 12, 2022","17,080.00","17,220.00","16,820.00","17,115.00","17,115.00","4,191"
"Dec 9, 2022","17,240.00","17,355.00","17,005.00","17,035.00","17,035.00","4,444"
"Dec 8, 2022","16,760.00","17,320.00","16,665.00","17,185.00","17,185.00","7,120"
"Dec 7, 2022","16,935.00","17,090.00","16,580.00","16,725.00","16,725.00","3,966"
"Dec 6, 2022","16,865.00","17,025.00","16,800.00","16,945.00","16,945.00","3,720"
"Dec 5, 2022","17,020.00","17,435.00","16,750.00","16,825.00","16,825.00","6,335"
"Dec 2, 2022","16,870.00","17,055.00","16,055.00","16,995.00","16,995.00","3,869"
"Dec 1, 2022","17,190.00","17,235.00","16,760.00","16,820.00","16,820.00","6,039"
"Nov 30, 2022","16,235.00","17,140.00","16,160.00","17,080.00","17,080.00","8,018"
"Nov 29, 2022","15,920.00","16,410.00","15,880.00","16,265.00","16,265.00","4,649"
"Nov 28, 2022","16,335.00","16,375.00","15,630.00","15,990.00","15,990.00","6,804"
"Nov 25, 2022","16,470.00","16,805.00","16,340.00","16,512.29","16,512.29","3,599"
"Nov 23, 2022","16,115.00","16,705.00","16,080.00","16,610.00","16,610.00","9,969"
"Nov 22, 2022","15,645.00","16,295.00","15,515.00","16,055.00","16,055.00","12,763"
"Nov 21, 2022","16,155.00","16,265.00","15,355.00","15,690.00","15,690.00","12,988"
"Nov 18, 2022","16,545.00","16,880.00","16,365.00","16,530.00","16,530.00","6,052"
"Nov 17, 2022","16,370.00","16,610.00","16,115.00","16,520.00","16,520.00","5,977"
"Nov 16, 2022","16,715.00","16,855.00","16,015.00","16,285.00","16,285.00","7,008"
"Nov 15, 2022","16,085.00","16,990.00","16,085.00","16,690.00","16,690.00","7,408"
"Nov 14, 2022","15,870.00","16,740.00","15,250.00","16,005.00","16,005.00","7,191"
"Nov 11, 2022","17,460.00","17,480.00","15,715.00","16,050.00","16,050.00","12,252"
"Nov 10, 2022","15,440.00","17,935.00","15,230.00","17,780.00","17,780.00","18,015"
"Nov 9, 2022","18,480.00","18,565.00","14,925.00","15,615.00","15,615.00","29,101"
"Nov 8, 2022","20,500.00","20,700.00","16,835.00","18,080.00","18,080.00","44,896"
"Nov 7, 2022","21,200.00","21,215.00","20,635.00","20,845.00","20,845.00","6,250"
"Nov 4, 2022","20,280.00","21,400.00","20,185.00","21,155.00","21,155.00","16,426"
"Nov 3, 2022","20,165.00","20,415.00","20,030.00","20,285.00","20,285.00","7,002"
"Nov 2, 2022","20,500.00","20,870.00","20,105.00","20,265.00","20,265.00","9,266"
"Nov 1, 2022","20,430.00","20,725.00","20,320.00","20,480.00","20,480.00","4,663"
"Oct 31, 2022","20,715.00","20,890.00","20,220.00","20,380.00","20,380.00","7,208"
"Oct 28, 2022","20,385.00","20,560.00","19,965.00","20,478.44","20,478.44","8,559"
"Oct 27, 2022","20,735.00","20,935.00","20,245.00","20,625.00","20,625.00","10,277"
"Oct 26, 2022","20,215.00","21,055.00","20,015.00","20,780.00","20,780.00","16,618"
"Oct 25, 2022","19,310.00","20,445.00","19,230.00","20,305.00","20,305.00","18,642"
"Oct 24, 2022","19,470.00","19,695.00","19,130.00","19,340.00","19,340.00","11,740"
"Oct 21, 2022","19,050.00","19,250.00","18,615.00","19,195.00","19,195.00","10,597"
"Oct 20, 2022","19,150.00","19,340.00","18,875.00","19,030.00","19,030.00","9,380"
"Oct 19, 2022","19,255.00","19,340.00","19,035.00","19,200.00","19,200.00","5,612"
"Oct 18, 2022","19,525.00","19,715.00","19,045.00","19,180.00","19,180.00","8,664"
"Oct 17, 2022","19,070.00","19,680.00","19,070.00","19,515.00","19,515.00","7,538"
"Oct 14, 2022","19,415.00","19,975.00","19,065.00","19,110.00","19,110.00","14,027"
"Oct 13, 2022","19,150.00","19,575.00","17,810.00","19,360.00","19,360.00","23,505"
"Oct 12, 2022","18,935.00","19,145.00","18,900.00","19,095.00","19,095.00","5,182"
"Oct 11, 2022","19,165.00","19,225.00","18,760.00","18,900.00","18,900.00","9,226"
"Oct 10, 2022","19,390.00","19,465.00","19,015.00","19,125.00","19,125.00","7,446"
"Oct 7, 2022","19,870.00","20,080.00","19,260.00","19,410.00","19,410.00","11,120"
"Oct 6, 2022","20,085.00","20,515.00","19,870.00","20,025.00","20,025.00","9,200"
"Oct 5, 2022","20,385.00","20,440.00","19,740.00","20,140.00","20,140.00","9,665"
"Oct 4, 2022","19,535.00","20,535.00","19,515.00","20,285.00","20,285.00","11,729"
"Oct 3, 2022","19,190.00","19,690.00","18,785.00","19,525.00","19,525.00","12,200"
"Sep 30, 2022","19,510.00","19,725.00","19,185.00","19,698.60","19,698.60","12,261"
"Sep 29, 2022","19,630.00","19,700.00","18,820.00","19,405.00","19,405.00","10,690"
"Sep 28, 2022","18,975.00","19,685.00","18,440.00","19,565.00","19,565.00","14,508"
"Sep 27, 2022","19,060.00","20,400.00","18,775.00","19,045.00","19,045.00","18,567"
"Sep 26, 2022","18,700.00","19,300.00","18,545.00","19,180.00","19,180.00","11,533"
"Sep 23, 2022","19,200.00","19,495.00","18,455.00","18,745.00","18,745.00","9,164"
"Sep 22, 2022","18,510.00","19,475.00","18,085.00","19,295.00","19,295.00","9,042"
"Sep 21, 2022","18,880.00","19,885.00","18,670.00","18,980.00","18,980.00","15,361"
"Sep 20, 2022","19,525.00","19,640.00","18,690.00","18,950.00","18,950.00","8,868"
"Sep 19, 2022","19,490.00","19,620.00","18,195.00","19,480.00","19,480.00","12,241"
"Sep 16, 2022","19,750.00","19,865.00","19,275.00","19,575.00","19,575.00","6,561"
"Sep 15, 2022","20,130.00","20,345.00","19,450.00","19,730.00","19,730.00","7,042"
"Sep 14, 2022","20,110.00","20,500.00","19,585.00","19,925.00","19,925.00","7,625"
"Sep 13, 2022","22,390.00","22,875.00","20,050.00","20,240.00","20,240.00","15,358"
"Sep 12, 2022","21,500.00","22,530.00","21,500.00","22,455.00","22,455.00","8,764"
"Sep 9, 2022","19,010.00","21,485.00","19,010.00","21,345.00","21,345.00","16,199"
"Sep 8, 2022","19,170.00","19,400.00","18,905.00","19,260.00","19,260.00","7,811"
"Sep 7, 2022","18,780.00","19,365.00","18,360.00","18,925.00","18,925.00","6,749"
"Sep 6, 2022","19,745.00","20,080.00","18,480.00","18,635.00","18,635.00","15,290"
"Sep 2, 2022","19,975.00","20,390.00","19,555.00","19,775.00","19,775.00","9,765"
"Sep 1, 2022","20,130.00","20,145.00","19,310.00","19,695.00","19,695.00","7,103"
"Aug 31, 2022","19,745.00","20,400.00","19,585.00","20,065.00","20,065.00","7,256"
"Aug 30, 2022","19,985.00","20,630.00","19,345.00","19,770.00","19,770.00","7,230"
"Aug 29, 2022","19,890.00","20,315.00","19,345.00","19,965.00","19,965.00","7,992"
"Aug 26, 2022","21,425.00","21,865.00","21,035.00","21,417.89","21,417.89","13,737"
"Aug 25, 2022","21,610.00","21,810.00","21,290.00","21,565.00","21,565.00","7,808"
"Aug 24, 2022","21,480.00","21,900.00","21,125.00","21,710.00","21,710.00","9,887"
"Aug 23, 2022","21,055.00","21,660.00","20,790.00","21,490.00","21,490.00","8,565"
"Aug 22, 2022","21,420.00","21,595.00","20,805.00","20,965.00","20,965.00","7,314"
"Aug 19, 2022","23,330.00","23,370.00","21,035.00","21,230.00","21,230.00","11,296"
"Aug 18, 2022","23,260.00","23,590.00","23,210.00","23,335.00","23,335.00","3,984"
"Aug 17, 2022","23,960.00","24,465.00","23,145.00","23,230.00","23,230.00","8,565"
"Aug 16, 2022","24,060.00","24,265.00","23,640.00","23,945.00","23,945.00","5,100"
"Aug 15, 2022","24,360.00","25,270.00","23,890.00","24,000.00","24,000.00","7,443"
"Aug 12, 2022","24,225.00","24,315.00","23,600.00","24,240.00","24,240.00","4,938"
"Aug 11, 2022","24,000.00","24,980.00","23,840.00","24,245.00","24,245.00","9,242"
"Aug 10, 2022","23,200.00","24,240.00","22,630.00","23,655.00","23,655.00","9,528"
"Aug 9, 2022","23,880.00","23,965.00","22,850.00","23,060.00","23,060.00","8,218"
"Aug 8, 2022","23,310.00","24,355.00","23,085.00","23,985.00","23,985.00","7,581"
"Aug 5, 2022","22,505.00","23,555.00","22,475.00","22,960.00","22,960.00","8,818"
"Aug 4, 2022","23,370.00","23,370.00","22,405.00","22,455.00","22,455.00","7,914"
"Aug 3, 2022","23,175.00","23,705.00","22,730.00","23,540.00","23,540.00","6,020"
"Aug 2, 2022","23,050.00","23,510.00","22,685.00","23,000.00","23,000.00","5,487"
"Aug 1, 2022","23,655.00","23,685.00","22,895.00","23,030.00","23,030.00","5,781"
"Jul 29, 2022","23,950.00","24,490.00","23,460.00","24,082.45","24,082.45","7,464"
"Jul 28, 2022","22,785.00","24,230.00","22,620.00","23,805.00","23,805.00","11,797"
"Jul 27, 2022","21,015.00","23,120.00","21,000.00","22,780.00","22,780.00","13,017"
"Jul 26, 2022","22,045.00","22,045.00","20,715.00","20,915.00","20,915.00","11,713"
"Jul 25, 2022","22,830.00","23,035.00","21,580.00","21,885.00","21,885.00","10,395"
"Jul 22, 2022","23,210.00","23,800.00","22,540.00","22,615.00","22,615.00","6,639"
"Jul 21, 2022","23,595.00","23,685.00","22,365.00","23,230.00","23,230.00","7,350"
"Jul 20, 2022","23,650.00","24,300.00","22,930.00","23,695.00","23,695.00","10,139"
"Jul 19, 2022","21,660.00","23,725.00","21,575.00","23,460.00","23,460.00","11,774"
"Jul 18, 2022","21,080.00","22,785.00","20,750.00","21,620.00","21,620.00","10,033"
"Jul 15, 2022","20,440.00","21,215.00","20,360.00","21,190.00","21,190.00","6,272"
"Jul 14, 2022","19,890.00","20,885.00","19,585.00","20,625.00","20,625.00","10,781"
"Jul 13, 2022","19,290.00","20,090.00","18,830.00","19,615.00","19,615.00","12,021"
"Jul 12, 2022","20,190.00","20,190.00","19,215.00","19,315.00","19,315.00","7,721"
"Jul 11, 2022","21,045.00","21,045.00","20,215.00","20,455.00","20,455.00","7,657"
"Jul 8, 2022","21,670.00","22,550.00","21,160.00","21,765.00","21,765.00","9,678"
"Jul 7, 2022","20,360.00","21,890.00","20,245.00","21,855.00","21,855.00","8,758"
"Jul 6, 2022","20,310.00","20,450.00","19,730.00","20,275.00","20,275.00","5,808"
"Jul 5, 2022","19,270.00","20,740.00","18,985.00","20,390.00","20,390.00","15,041"
"Jul 1, 2022","18,700.00","20,790.00","18,630.00","19,315.00","19,315.00","10,646"
"Jun 30, 2022","20,240.00","20,295.00","18,525.00","18,760.00","18,760.00","10,284"
"Jun 29, 2022","20,290.00","20,405.00","19,775.00","20,185.00","20,185.00","6,703"
"Jun 28, 2022","20,765.00","21,195.00","20,125.00","20,175.00","20,175.00","5,868"
"Jun 27, 2022","21,360.00","21,530.00","20,420.00","20,800.00","20,800.00","5,894"
"Jun 24, 2022","20,740.00","21,535.00","20,740.00","21,206.90","21,206.90","7,037"
"Jun 23, 2022","19,945.00","21,090.00","19,875.00","20,900.00","20,900.00","10,083"
"Jun 22, 2022","20,920.00","20,920.00","19,760.00","20,105.00","20,105.00","13,382"
"Jun 21, 2022","20,390.00","21,715.00","19,600.00","20,860.00","20,860.00","18,029"
"Jun 17, 2022","20,645.00","21,315.00","20,145.00","20,470.00","20,470.00","8,720"
"Jun 16, 2022","22,165.00","22,945.00","20,435.00","20,790.00","20,790.00","9,773"
"Jun 15, 2022","21,460.00","22,385.00","20,025.00","21,625.00","21,625.00","19,873"
"Jun 14, 2022","23,010.00","23,290.00","20,775.00","22,125.00","22,125.00","16,480"
"Jun 13, 2022","27,355.00","27,365.00","22,490.00","23,110.00","23,110.00","18,646"
"Jun 10, 2022","30,085.00","31,025.00","28,740.00","28,920.00","28,920.00","8,031"
"Jun 9, 2022","30,320.00","30,665.00","29,880.00","29,945.00","29,945.00","4,174"
"Jun 8, 2022","31,460.00","31,580.00","29,775.00","30,080.00","30,080.00","7,937"
"Jun 7, 2022","31,500.00","31,575.00","29,130.00","31,045.00","31,045.00","11,270"
"Jun 6, 2022","29,900.00","31,805.00","29,820.00","31,490.00","31,490.00","9,293"
"Jun 3, 2022","30,355.00","30,725.00","29,165.00","29,535.00","29,535.00","6,335"
"Jun 2, 2022","29,535.00","30,435.00","29,480.00","30,290.00","30,290.00","6,669"
"Jun 1, 2022","31,700.00","32,020.00","29,265.00","30,035.00","30,035.00","7,625"
"May 31, 2022","29,170.00","32,455.00","29,110.00","31,650.00","31,650.00","14,873"
"May 27, 2022","29,550.00","29,605.00","28,630.00","29,042.23","29,042.23","8,360"
"May 26, 2022","29,750.00","29,895.00","27,995.00","29,315.00","29,315.00","12,168"
"May 25, 2022","29,585.00","30,225.00","29,300.00","29,535.00","29,535.00","9,662"
"May 24, 2022","29,235.00","29,580.00","28,570.00","29,305.00","29,305.00","11,237"
"May 23, 2022","30,010.00","30,680.00","28,960.00","29,015.00","29,015.00","11,285"
"May 20, 2022","30,235.00","30,715.00","28,635.00","29,260.00","29,260.00","9,098"
"May 19, 2022","29,025.00","30,510.00","28,555.00","29,945.00","29,945.00","8,809"
"May 18, 2022","30,560.00","30,650.00","28,650.00","29,185.00","29,185.00","7,228"
"May 17, 2022","30,130.00","30,745.00","29,420.00","30,000.00","30,000.00","7,459"
"May 16, 2022","31,000.00","31,400.00","29,020.00","29,505.00","29,505.00","6,177"
"May 13, 2022","28,255.00","31,000.00","28,230.00","30,035.00","30,035.00","6,899"
"May 12, 2022","28,860.00","30,100.00","25,350.00","28,585.00","28,585.00","15,142"
"May 11, 2022","30,195.00","32,140.00","28,105.00","29,195.00","29,195.00","19,281"
"May 10, 2022","30,960.00","32,615.00","29,700.00","31,280.00","31,280.00","7,243"
"May 9, 2022","34,455.00","34,455.00","30,300.00","30,930.00","30,930.00","12,896"
"May 6, 2022","36,405.00","36,595.00","35,180.00","35,925.00","35,925.00","5,712"
"May 5, 2022","39,795.00","39,860.00","35,520.00","36,270.00","36,270.00","10,002"
"May 4, 2022","37,725.00","40,100.00","37,535.00","39,900.00","39,900.00","8,011"
"May 3, 2022","38,685.00","38,810.00","37,420.00","37,635.00","37,635.00","4,864"
"May 2, 2022","38,350.00","39,180.00","38,005.00","38,540.00","38,540.00","4,364"
"Apr 29, 2022","39,785.00","39,840.00","38,595.00","38,997.34","38,997.34","4,974"
"Apr 28, 2022","39,220.00","40,440.00","38,900.00","39,920.00","39,920.00","8,547"
"Apr 27, 2022","38,210.00","39,475.00","37,665.00","38,900.00","38,900.00","6,779"
"Apr 26, 2022","40,210.00","40,765.00","37,665.00","38,220.00","38,220.00","10,107"
"Apr 25, 2022","39,595.00","40,400.00","38,190.00","40,210.00","40,210.00","7,333"
"Apr 22, 2022","40,650.00","40,815.00","39,165.00","39,455.00","39,455.00","4,525"
"Apr 21, 2022","41,550.00","43,010.00","40,610.00","41,245.00","41,245.00","5,772"
"Apr 20, 2022","41,335.00","42,295.00","40,895.00","41,235.00","41,235.00","3,726"
"Apr 19, 2022","40,825.00","41,820.00","40,585.00","41,520.00","41,520.00","3,695"
"Apr 18, 2022","40,150.00","41,125.00","38,535.00","40,700.00","40,700.00","5,796"
"Apr 14, 2022","41,240.00","41,540.00","39,565.00","39,825.00","39,825.00","3,012"
"Apr 13, 2022","39,650.00","41,590.00","39,560.00","41,120.00","41,120.00","5,018"
"Apr 12, 2022","39,410.00","40,805.00","39,190.00","39,290.00","39,290.00","5,562"
"Apr 11, 2022","42,710.00","42,805.00","39,460.00","39,955.00","39,955.00","5,945"
"Apr 8, 2022","43,565.00","44,090.00","42,445.00","42,715.00","42,715.00","5,079"
"Apr 7, 2022","43,880.00","43,885.00","42,720.00","43,380.00","43,380.00","4,605"
"Apr 6, 2022","45,995.00","46,060.00","43,130.00","43,775.00","43,775.00","7,113"
"Apr 5, 2022","46,600.00","47,445.00","45,550.00","46,140.00","46,140.00","7,492"
"Apr 4, 2022","47,225.00","47,610.00","45,205.00","46,085.00","46,085.00","5,287"
"Apr 1, 2022","45,865.00","46,910.00","44,345.00","46,550.00","46,550.00","5,689"
"Mar 31, 2022","47,220.00","47,875.00","45,620.00","45,735.00","45,735.00","5,480"
"Mar 30, 2022","47,430.00","48,000.00","46,715.00","47,240.00","47,240.00","4,074"
"Mar 29, 2022","47,970.00","48,390.00","47,235.00","47,930.00","47,930.00","4,677"
"Mar 28, 2022","46,740.00","48,475.00","46,550.00","48,190.00","48,190.00","6,528"
"Mar 25, 2022","43,975.00","45,170.00","43,625.00","44,504.00","44,504.00","5,774"
"Mar 24, 2022","42,430.00","44,340.00","42,345.00","43,965.00","43,965.00","11,117"
"Mar 23, 2022","42,880.00","42,985.00","41,815.00","42,250.00","42,250.00","8,001"
"Mar 22, 2022","41,335.00","43,490.00","40,885.00","42,390.00","42,390.00","10,059"
"Mar 21, 2022","41,445.00","41,595.00","40,555.00","41,220.00","41,220.00","5,712"
"Mar 18, 2022","41,050.00","42,360.00","40,180.00","42,095.00","42,095.00","5,113"
"Mar 17, 2022","41,200.00","41,520.00","40,570.00","40,885.00","40,885.00","2,547"
"Mar 16, 2022","39,725.00","41,765.00","38,810.00","40,920.00","40,920.00","8,470"
"Mar 15, 2022","38,725.00","39,935.00","38,085.00","39,760.00","39,760.00","4,604"
"Mar 14, 2022","38,725.00","39,340.00","37,495.00","38,830.00","38,830.00","4,213"
"Mar 11, 2022","39,530.00","40,260.00","38,240.00","38,325.00","38,325.00","5,471"
"Mar 10, 2022","42,055.00","42,245.00","38,555.00","39,630.00","39,630.00","5,922"
"Mar 9, 2022","38,540.00","42,715.00","38,540.00","41,920.00","41,920.00","7,469"
"Mar 8, 2022","38,110.00","39,410.00","37,895.00","38,505.00","38,505.00","5,230"
"Mar 7, 2022","39,060.00","39,540.00","37,180.00","37,540.00","37,540.00","5,831"
"Mar 4, 2022","42,495.00","42,640.00","39,090.00","39,545.00","39,545.00","5,656"
"Mar 3, 2022","44,205.00","44,325.00","41,870.00","42,080.00","42,080.00","6,109"
"Mar 2, 2022","44,205.00","45,455.00","43,420.00","43,925.00","43,925.00","6,395"
"Mar 1, 2022","43,100.00","45,110.00","42,930.00","44,240.00","44,240.00","8,747"
"Feb 28, 2022","37,860.00","42,055.00","37,205.00","42,000.00","42,000.00","9,471"
"Feb 25, 2022","38,110.00","39,645.00","37,900.00","39,202.09","39,202.09","6,107"
"Feb 24, 2022","37,670.00","39,740.00","34,295.00","38,360.00","38,360.00","14,197"
"Feb 23, 2022","37,890.00","39,235.00","37,365.00","37,660.00","37,660.00","9,503"
"Feb 22, 2022","38,860.00","39,460.00","36,340.00","37,915.00","37,915.00","12,994"
"Feb 18, 2022","40,675.00","41,000.00","39,485.00","39,945.00","39,945.00","7,267"
"Feb 17, 2022","44,075.00","44,275.00","40,090.00","40,900.00","40,900.00","6,682"
"Feb 16, 2022","44,210.00","44,860.00","43,350.00","44,175.00","44,175.00","3,894"
"Feb 15, 2022","42,665.00","44,620.00","42,495.00","44,215.00","44,215.00","4,089"
"Feb 14, 2022","42,470.00","42,930.00","41,560.00","42,205.00","42,205.00","5,402"
"Feb 11, 2022","43,950.00","44,145.00","42,075.00","42,390.00","42,390.00","6,220"
"Feb 10, 2022","44,640.00","45,905.00","43,270.00","44,180.00","44,180.00","8,449"
"Feb 9, 2022","44,235.00","44,900.00","43,210.00","44,855.00","44,855.00","4,103"
"Feb 8, 2022","44,110.00","45,605.00","42,780.00","44,340.00","44,340.00","5,873"
"Feb 7, 2022","41,420.00","44,615.00","41,420.00","44,235.00","44,235.00","7,457"
"Feb 4, 2022","36,930.00","40,935.00","36,895.00","40,640.00","40,640.00","9,595"
"Feb 3, 2022","36,970.00","37,100.00","36,235.00","36,265.00","36,265.00","4,222"
"Feb 2, 2022","38,685.00","38,900.00","36,515.00","37,535.00","37,535.00","4,396"
"Feb 1, 2022","38,450.00","39,275.00","38,055.00","38,585.00","38,585.00","4,095"
"Jan 31, 2022","37,845.00","38,790.00","36,620.00","38,485.00","38,485.00","4,094"
"Jan 28, 2022","36,535.00","37,415.00","36,215.00","37,075.89","37,075.89","5,566"
"Jan 27, 2022","36,555.00","37,210.00","35,485.00","35,565.00","35,565.00","8,331"
"Jan 26, 2022","36,765.00","38,895.00","36,330.00","37,060.00","37,060.00","10,251"
"Jan 25, 2022","36,490.00","37,550.00","35,725.00","36,855.00","36,855.00","8,969"
"Jan 24, 2022","35,555.00","37,600.00","32,855.00","37,220.00","37,220.00","16,299"
"Jan 21, 2022","41,125.00","41,135.00","36,150.00","38,180.00","38,180.00","11,781"
"Jan 20, 2022","41,940.00","43,545.00","41,260.00","42,675.00","42,675.00","7,229"
"Jan 19, 2022","42,430.00","42,615.00","41,080.00","41,575.00","41,575.00","6,542"
"Jan 18, 2022","43,270.00","43,315.00","41,175.00","41,665.00","41,665.00","6,821"
"Jan 14, 2022","42,620.00","43,445.00","41,680.00","43,120.00","43,120.00","4,202"
"Jan 13, 2022","43,880.00","44,450.00","42,280.00","42,675.00","42,675.00","4,068"
"Jan 12, 2022","42,695.00","44,310.00","42,455.00","43,825.00","43,825.00","4,068"
"Jan 11, 2022","41,595.00","43,155.00","41,220.00","42,805.00","42,805.00","6,191"
"Jan 10, 2022","42,205.00","42,245.00","39,470.00","41,745.00","41,745.00","8,665"
"Jan 7, 2022","43,170.00","43,240.00","40,470.00","41,870.00","41,870.00","9,276"
"Jan 6, 2022","43,405.00","43,720.00","42,375.00","43,215.00","43,215.00","5,222"
"Jan 5, 2022","46,100.00","47,100.00","43,290.00","43,830.00","43,830.00","8,922"
"Jan 4, 2022","46,205.00","47,650.00","45,485.00","46,305.00","46,305.00","5,049"